reference,firstname,lastname,home_phone_number,mobile_phone_number,email,address
1,Henri,Dupont,0123456789,06234988,h.dupont@gmail.com,10 rue Layère
2,Jean,Durand,0123336789,0663456789,jdurand@gmail.com,40 rue René Clair
3,Luc,Marchand,0123336789,0102030405,luc.marchand@gmail.com,Paris
4,Edouard,Durand,0123336789,0601020304,edouard.durand@gmail.com,test addres
5,Edouardo,Durand,0123336789,0601020304,edouard.durand@gmail.com,test
6,Edouardo,Durand,012333678,0601020304,edouardo.durand@gmail.com,colombesaaa
7,Philippe,Chantel,012333678,0601020304,p.chantel@gmail.com,Paris